home	https://events.helloeiko.com/lilly-advocacy-ai
e/ai-foundations	https://events.helloeiko.com/e/ai-foundations
e/gemini-foundations	https://events.helloeiko.com/e/gemini-foundations
e/copilot-foundations	https://events.helloeiko.com/e/copilot-foundations
e/claude-foundations	https://events.helloeiko.com/e/claude-foundations
e/chatgpt-foundations	https://events.helloeiko.com/e/chatgpt-foundations
e/ai-everyday-productivity	https://events.helloeiko.com/e/ai-everyday-productivity
e/ai-fundraising-partnerships	https://events.helloeiko.com/e/ai-fundraising-partnerships
e/ai-advocacy-policy	https://events.helloeiko.com/e/ai-advocacy-policy
e/ai-patient-education	https://events.helloeiko.com/e/ai-patient-education
e/building-ai-agents	https://events.helloeiko.com/e/building-ai-agents
e/ai-foundations-aug-4	https://events.helloeiko.com/e/ai-foundations-aug-4
e/ai-foundations-aug-6	https://events.helloeiko.com/e/ai-foundations-aug-6
e/ai-foundations-aug-17	https://events.helloeiko.com/e/ai-foundations-aug-17
e/gemini-foundations-aug-18	https://events.helloeiko.com/e/gemini-foundations-aug-18
e/copilot-foundations-aug-18	https://events.helloeiko.com/e/copilot-foundations-aug-18
e/claude-foundations-aug-20	https://events.helloeiko.com/e/claude-foundations-aug-20
e/chatgpt-foundations-aug-20	https://events.helloeiko.com/e/chatgpt-foundations-aug-20
e/ai-everyday-productivity-aug-24	https://events.helloeiko.com/e/ai-everyday-productivity-aug-24
e/ai-everyday-productivity-aug-26	https://events.helloeiko.com/e/ai-everyday-productivity-aug-26
e/ai-everyday-productivity-sep-1	https://events.helloeiko.com/e/ai-everyday-productivity-sep-1
e/ai-fundraising-partnerships-aug-24	https://events.helloeiko.com/e/ai-fundraising-partnerships-aug-24
e/ai-fundraising-partnerships-aug-28	https://events.helloeiko.com/e/ai-fundraising-partnerships-aug-28
e/ai-fundraising-partnerships-sep-1	https://events.helloeiko.com/e/ai-fundraising-partnerships-sep-1
e/ai-advocacy-policy-aug-24	https://events.helloeiko.com/e/ai-advocacy-policy-aug-24
e/ai-advocacy-policy-aug-28	https://events.helloeiko.com/e/ai-advocacy-policy-aug-28
e/ai-advocacy-policy-sep-3	https://events.helloeiko.com/e/ai-advocacy-policy-sep-3
e/ai-patient-education-aug-26	https://events.helloeiko.com/e/ai-patient-education-aug-26
e/ai-patient-education-aug-28	https://events.helloeiko.com/e/ai-patient-education-aug-28
e/ai-patient-education-sep-3	https://events.helloeiko.com/e/ai-patient-education-sep-3
e/building-ai-agents-aug-26	https://events.helloeiko.com/e/building-ai-agents-aug-26
e/building-ai-agents-sep-1	https://events.helloeiko.com/e/building-ai-agents-sep-1
e/building-ai-agents-sep-3	https://events.helloeiko.com/e/building-ai-agents-sep-3
privacy	https://events.helloeiko.com/privacy
